{"cameraMode":{"drawMode":0,"name":"Shaded","section":"Shading Mode"},"sceneLighting":true,"audioPlay":false,"sceneViewState":{"showFog":true,"showMaterialUpdate":false,"showSkybox":true,"showFlares":true,"showImageEffects":true,"showParticleSystems":true},"in2DMode":false,"pivot":{"x":614.520263671875,"y":218.1484375,"z":-460.30029296875},"rotation":{"x":-0.021571865305304529,"y":0.9782262444496155,"z":-0.1556679606437683,"w":-0.13555869460105897},"size":818.8662109375,"orthographic":false}